detectorId,direction,road,onRamps,offRamps,lanes,curve,spdLimit,isRamp,HOV,pavementCond
-1,WESTBOUND,NA,0,0,2,0,NA,1,0,1
7286,WESTBOUND,NA,0,0,2,0,NA,1,0,1
7287,SOUTHBOUND,NA,0,0,1,0,NA,1,0,1
7288,NORTHBOUND,NA,0,0,1,0,NA,1,0,1
7289,EASTBOUND,NA,0,0,1,0,NA,1,0,1
7290,WESTBOUND,NA,0,0,1,0,NA,1,0,1
7292,EASTBOUND,NA,0,0,2,0,NA,1,0,1
7293,SOUTHBOUND,NA,0,0,2,0,NA,1,0,1
7294,WESTBOUND,NA,0,0,1,0,NA,1,0,1
7295,WESTBOUND,NA,0,0,4,0,NA,1,0,1
7296,SOUTHBOUND,US 56/US 69/US 169,0,0,1,0,NA,1,0,1
7297,WESTBOUND,NA,0,0,1,0,NA,1,0,1
7298,NORTHBOUND,US 56/US 69/US 169,0,0,1,0,NA,0,0,1
7299,EASTBOUND,NA,0,0,1,0,NA,1,0,1
7300,EASTBOUND,NA,0,0,4,0,NA,1,0,1
7301,NORTHBOUND,NA,0,0,1,0,NA,1,0,1
7302,SOUTHBOUND,NA,0,0,1,0,NA,1,0,1
7303,WESTBOUND,NA,0,0,1,0,NA,1,0,1
7304,NORTHBOUND,NA,0,0,1,0,NA,1,0,1
7305,SOUTHBOUND,NA,0,0,1,0,NA,1,0,1
7306,SOUTHBOUND,NA,0,0,1,0,NA,1,0,1
7307,WESTBOUND,NA,0,0,2,0,NA,1,0,1
7308,WESTBOUND,NA,0,0,1,0,NA,1,0,1
7310,EASTBOUND,NA,0,0,1,0,NA,1,0,1
7311,EASTBOUND,NA,0,0,2,0,NA,1,0,1
7312,EASTBOUND,NA,0,0,1,0,NA,1,0,1
7313,NORTHBOUND,NA,0,0,1,0,NA,1,0,1
7314,SOUTHBOUND,NA,0,0,1,0,NA,1,0,1
7315,WESTBOUND,I 35,0,0,1,1,45,0,0,1
7316,EASTBOUND,NA,0,0,1,0,NA,1,0,1
7317,WESTBOUND,NA,0,0,4,0,NA,1,0,1
7318,EASTBOUND,NA,0,0,1,0,NA,1,0,1
7319,NORTHBOUND,NA,0,0,1,0,NA,1,0,1
7320,SOUTHBOUND,NA,0,0,1,0,NA,1,0,1
7321,NORTHBOUND,NA,0,0,1,0,NA,1,0,1
7322,SOUTHBOUND,NA,0,0,1,0,NA,1,0,1
7323,EASTBOUND,NA,0,0,1,0,NA,1,0,1
7324,NORTHBOUND,NA,0,0,1,0,NA,1,0,1
7325,SOUTHBOUND,NA,0,0,1,0,NA,1,0,1
7326,SOUTHBOUND,NA,0,0,NA,0,NA,1,0,1
7327,NORTHBOUND,NA,0,0,NA,0,NA,1,0,1
7328,SOUTHBOUND,NA,0,0,1,0,NA,1,0,1
7329,WESTBOUND,NA,0,0,1,0,NA,1,0,1
7330,EASTBOUND,NA,0,0,NA,0,NA,1,0,1
7331,WESTBOUND,NA,0,0,1,0,NA,1,0,1
7332,WESTBOUND,NA,0,0,1,0,NA,1,0,1
7333,SOUTHBOUND,US 69,0,0,1,0,NA,0,0,1
7334,WESTBOUND,NA,0,0,NA,0,NA,1,0,1
7335,EASTBOUND,NA,0,0,1,0,NA,1,0,1
7336,EASTBOUND,NA,0,0,1,0,NA,1,0,1
7337,WESTBOUND,NA,0,0,NA,0,NA,1,0,1
7338,NORTHBOUND,NA,0,0,1,0,NA,1,0,1
7339,EASTBOUND,NA,0,0,1,0,NA,1,0,1
7340,WESTBOUND,NA,0,0,1,0,NA,1,0,1
7341,WESTBOUND,NA,0,0,1,0,NA,1,0,1
7342,EASTBOUND,US 69,0,0,1,0,NA,0,0,1
7343,EASTBOUND,NA,0,0,1,0,NA,1,0,1
7344,WESTBOUND,NA,0,0,NA,0,NA,1,0,1
7345,WESTBOUND,US 40,1,0,1,0,NA,0,0,1
7346,EASTBOUND,NA,0,0,1,0,NA,1,0,1
7347,EASTBOUND,NA,0,0,1,0,NA,1,0,1
7348,WESTBOUND,NA,0,0,1,0,NA,1,0,1
7349,WESTBOUND,US 40,0,1,1,0,NA,0,0,1
7350,EASTBOUND,NA,0,0,1,0,NA,1,0,1
7351,EASTBOUND,NA,0,0,1,0,NA,1,0,1
7352,WESTBOUND,NA,0,0,1,0,NA,1,0,1
7353,WESTBOUND,NA,0,0,1,0,NA,1,0,1
7354,WESTBOUND,US 69,0,0,1,0,NA,0,0,1
7355,WESTBOUND,NA,0,0,1,0,NA,1,0,1
7356,EASTBOUND,US 69,0,0,1,0,NA,0,0,1
7357,EASTBOUND,NA,0,0,1,0,NA,1,0,1
7358,NORTHBOUND,NA,0,0,1,0,NA,1,0,1
7359,NORTHBOUND,NA,0,0,1,0,NA,1,0,1
7360,WESTBOUND,NA,0,0,1,0,NA,1,0,1
7361,WESTBOUND,NA,0,0,1,0,NA,1,0,1
7362,EASTBOUND,NA,0,0,NA,0,NA,1,0,1
7363,NORTHBOUND,NA,0,0,2,0,NA,1,0,1
7364,SOUTHBOUND,NA,0,0,1,0,NA,1,0,1
7365,WESTBOUND,NA,0,0,1,0,NA,1,0,1
7366,EASTBOUND,NA,0,0,1,0,NA,1,0,1
7367,EASTBOUND,NA,0,0,2,0,NA,1,0,1
7369,WESTBOUND,NA,0,0,1,0,NA,1,0,1
7370,EASTBOUND,NA,0,0,2,0,NA,1,0,1
7371,EASTBOUND,NA,0,0,2,0,NA,1,0,1
7372,WESTBOUND,NA,0,0,1,0,NA,1,0,1
7373,EASTBOUND,NA,0,0,1,0,NA,1,0,1
7374,WESTBOUND,NA,0,0,1,0,NA,1,0,1
7375,EASTBOUND,NA,0,0,1,0,NA,1,0,1
7376,NORTHBOUND,NA,0,0,NA,0,NA,1,0,1
7377,SOUTHBOUND,NA,0,0,1,0,NA,1,0,1
7378,EASTBOUND,NA,0,0,1,0,NA,1,0,1
7379,EASTBOUND,NA,0,0,1,0,NA,1,0,1
7380,EASTBOUND,NA,0,0,2,0,NA,1,0,1
7381,SOUTHBOUND,NA,0,0,NA,0,45,1,0,1
7382,WESTBOUND,NA,0,0,4,0,NA,1,0,1
7383,WESTBOUND,NA,0,0,1,0,NA,1,0,1
7384,WESTBOUND,NA,0,0,1,0,NA,1,0,1
7385,EASTBOUND,NA,0,0,1,0,NA,1,0,1
7386,WESTBOUND,NA,0,0,4,0,NA,1,0,1
7387,NORTHBOUND,NA,0,0,1,0,NA,1,0,1
7388,EASTBOUND,NA,0,0,1,0,NA,1,0,1
7389,EASTBOUND,NA,0,0,1,0,45,1,0,1
7390,WESTBOUND,NA,0,0,NA,0,NA,1,0,1
7391,SOUTHBOUND,NA,0,0,3,0,NA,1,0,1
7392,SOUTHBOUND,NA,0,0,1,0,45,1,0,1
7394,WESTBOUND,NA,0,0,NA,0,NA,1,0,1
7395,NORTHBOUND,NA,0,0,1,0,45,1,0,1
7396,SOUTHBOUND,NA,0,0,1,0,55,1,0,1
7397,WESTBOUND,NA,0,0,1,0,NA,1,0,1
7398,SOUTHBOUND,NA,0,0,1,0,NA,1,0,1
7399,EASTBOUND,NA,0,0,2,0,NA,1,0,1
7400,SOUTHBOUND,NA,0,0,NA,0,NA,1,0,1
7401,EASTBOUND,NA,0,0,NA,0,NA,1,0,1
7402,EASTBOUND,NA,0,0,NA,0,NA,1,0,1
7403,WESTBOUND,US 50,0,1,3,0,NA,0,0,1
7404,WESTBOUND,US 169,0,0,3,0,NA,0,0,1
7405,WESTBOUND,NA,0,0,NA,0,NA,1,0,1
7407,NORTHBOUND,NA,0,0,1,0,NA,1,0,1
7409,WESTBOUND,NA,0,0,1,0,NA,1,0,1
7410,EASTBOUND,NA,0,0,1,0,NA,1,0,1
7411,WESTBOUND,NA,0,0,2,0,NA,1,0,1
7412,EASTBOUND,NA,0,0,2,0,NA,1,0,1
7413,WESTBOUND,NA,0,0,1,0,NA,1,0,1
7414,WESTBOUND,NA,0,0,2,0,NA,1,0,1
7415,EASTBOUND,NA,0,0,1,0,NA,1,0,1
7416,WESTBOUND,NA,0,0,1,0,NA,1,0,1
7417,WESTBOUND,NA,0,0,1,0,NA,1,0,1
7418,SOUTHBOUND,NA,0,0,NA,0,NA,1,0,1
7419,EASTBOUND,NA,0,0,1,0,55,1,0,1
7420,WESTBOUND,NA,0,0,1,0,NA,1,0,1
7421,WESTBOUND,NA,0,0,NA,0,NA,1,0,1
7422,SOUTHBOUND,I 35/US 56/US 69/US 169,0,0,4,0,60,0,0,1
7423,SOUTHBOUND,I 35,0,0,4,0,60,0,0,1
7424,SOUTHBOUND,I 35,0,0,4,0,60,0,0,1
7425,SOUTHBOUND,I 35,1,1,4,1,60,0,0,1
7426,WESTBOUND,I 35,0,0,4,1,60,0,0,1
7428,WESTBOUND,I 35/US 69,1,0,3,0,60,0,0,1
7432,WESTBOUND,I 70,0,1,3,1,65,0,0,1
7433,WESTBOUND,I 435/US 50,0,0,4,0,65,0,0,1
7434,NORTHBOUND,I 70/US 40,0,0,1,1,55,0,0,1
7435,WESTBOUND,I 70/US 40,1,0,4,0,55,0,0,1
7436,WESTBOUND,I 70/US 40,0,0,3,0,55,0,0,1
7439,EASTBOUND,I 35/I 70/US 24/US 40,0,0,3,0,45,0,0,1
7440,EASTBOUND,I 70/US 40,0,0,3,0,55,0,0,1
7444,EASTBOUND,NA,0,0,4,0,NA,1,0,1
7445,NORTHBOUND,I 35/US 56/US 169,0,0,3,0,65,0,0,1
7446,WESTBOUND,NA,0,0,4,0,NA,1,0,1
7448,WESTBOUND,NA,0,0,1,0,NA,1,0,1
7449,WESTBOUND,I 435/US 50,0,1,5,0,65,0,0,1
7450,NORTHBOUND,I 70/US 40,0,0,3,0,55,0,0,1
7451,NORTHBOUND,NA,0,0,1,0,NA,1,0,1
7452,SOUTHBOUND,NA,0,0,2,0,NA,1,0,1
7454,EASTBOUND,I 435/US 50,1,0,4,0,65,0,0,1
7455,SOUTHBOUND,I 70/US 40,0,0,3,0,55,0,0,1
7456,EASTBOUND,NA,0,0,2,0,NA,1,0,1
7458,EASTBOUND,US 50,0,0,1,0,NA,0,0,1
7459,EASTBOUND,NA,0,0,4,0,NA,1,0,1
7460,SOUTHBOUND,NA,0,0,1,0,NA,1,0,1
7461,EASTBOUND,NA,0,0,1,0,NA,1,0,1
7462,EASTBOUND,NA,0,0,4,0,NA,1,0,1
7463,EASTBOUND,NA,0,0,2,0,NA,1,0,1
7466,NORTHBOUND,I 29/I 35/US 71,0,0,3,0,55,0,0,1
7468,WESTBOUND,I 70,1,1,3,0,65,0,0,1
7469,WESTBOUND,I 435/US 50,0,0,5,0,65,0,0,1
7470,WESTBOUND,I 70/US 40,0,0,2,0,55,0,0,1
7471,SOUTHBOUND,I 70/US 40,0,1,3,0,55,0,0,1
7472,WESTBOUND,NA,0,0,1,0,50,1,0,1
7473,WESTBOUND,NA,0,0,1,0,NA,1,0,1
7474,NORTHBOUND,NA,0,0,2,0,NA,1,0,1
7475,WESTBOUND,US 69,0,0,2,0,65,0,0,1
7476,WESTBOUND,NA,0,0,1,0,55,1,0,1
7477,WESTBOUND,NA,0,0,1,0,NA,1,0,1
7478,NORTHBOUND,I 35/US 56/US 169,0,0,4,0,65,0,0,1
7479,SOUTHBOUND,I 35/US 56/US 69/US 169,1,1,4,0,60,0,0,1
7480,WESTBOUND,US 169,0,0,1,0,NA,0,0,1
7481,WESTBOUND,NA,0,0,1,0,NA,1,0,1
7482,EASTBOUND,NA,0,0,1,0,NA,1,0,1
7483,NORTHBOUND,NA,0,0,1,0,NA,1,0,1
7484,SOUTHBOUND,NA,0,0,1,0,NA,1,0,1
7485,NORTHBOUND,I 70/US 40,0,0,3,0,55,0,0,1
7486,SOUTHBOUND,NA,0,0,2,0,NA,1,0,1
7487,WESTBOUND,NA,0,0,1,0,NA,1,0,1
7488,EASTBOUND,NA,0,0,1,0,NA,1,0,1
7490,WESTBOUND,NA,0,0,1,0,NA,1,0,1
7491,EASTBOUND,NA,0,0,1,0,NA,1,0,1
7492,WESTBOUND,NA,0,0,1,0,NA,1,0,1
7493,WESTBOUND,I 435/US 50,0,0,4,0,65,0,0,1
7494,NORTHBOUND,I 35,0,0,4,0,45,0,0,1
7495,NORTHBOUND,I 35,0,0,2,0,45,0,0,1
7496,NORTHBOUND,NA,0,0,3,0,45,1,0,1
7497,SOUTHBOUND,I 35,0,0,2,0,45,0,0,1
7498,NORTHBOUND,I 35,0,0,2,1,45,0,0,1
7499,NORTHBOUND,I 35,0,1,2,0,45,0,0,1
7501,NORTHBOUND,I 29/I 35/US 71,1,1,3,0,55,0,0,1
7502,NORTHBOUND,I 29/I 35/US 71,1,1,3,0,55,0,0,1
7505,SOUTHBOUND,I 35,0,0,4,0,45,0,0,1
7506,SOUTHBOUND,I 35,1,0,5,0,45,0,0,1
7508,SOUTHBOUND,I 29/I 35/US 71,1,1,3,0,55,0,0,1
7509,SOUTHBOUND,I 29/I 35/US 71,1,1,3,0,55,0,0,1
7510,SOUTHBOUND,I 29/I 35/US 71,0,0,3,0,55,0,0,1
7513,EASTBOUND,I 70,1,0,4,1,65,0,0,1
7514,EASTBOUND,I 70,0,1,3,0,65,0,0,1
7517,EASTBOUND,I 70,1,1,3,0,65,0,0,1
7521,WESTBOUND,I 70,0,1,3,1,65,0,0,1
7522,WESTBOUND,I 70,0,1,3,0,65,0,0,1
7525,EASTBOUND,I 435/US 50,0,0,4,0,65,0,0,1
7526,EASTBOUND,I 435/US 50,0,0,4,0,65,0,0,1
7527,EASTBOUND,I 435/US 50,0,0,4,0,65,0,0,1
7528,EASTBOUND,I 435/US 50,0,0,4,0,65,0,0,1
7529,EASTBOUND,I 435/US 50,0,0,4,0,65,0,0,1
7530,WESTBOUND,I 435/US 50,0,0,4,0,65,0,0,1
7531,WESTBOUND,I 435/US 50,0,0,4,0,65,0,0,1
7532,WESTBOUND,I 435/US 50,0,0,4,0,65,0,0,1
7533,WESTBOUND,I 435/US 50,0,0,4,0,65,0,0,1
7534,WESTBOUND,I 435/US 50,0,0,4,0,65,0,0,1
7535,WESTBOUND,I 435/US 50,0,0,4,0,65,0,0,1
7536,WESTBOUND,I 435/US 50,0,0,5,0,65,0,0,1
7537,WESTBOUND,I 70/US 24/US 40,0,0,2,0,55,0,0,1
7538,WESTBOUND,I 35/I 70/US 24/US 40,0,0,3,0,45,0,0,1
7539,EASTBOUND,I 35/I 70/US 24/US 40,0,0,3,0,45,0,0,1
7540,WESTBOUND,I 35/I 70/US 24/US 40,0,0,3,0,55,0,0,1
7541,EASTBOUND,I 35/I 70/US 24/US 40,0,0,3,0,55,0,0,1
7542,WESTBOUND,I 70/US 40,0,0,1,0,55,0,0,1
7544,EASTBOUND,I 35/I 70/US 24/US 40,0,0,3,0,55,0,0,1
7545,NORTHBOUND,I 70/US 40,0,0,2,0,45,0,0,1
7546,NORTHBOUND,I 70/US 40/US 71,0,0,3,0,55,0,0,1
7549,WESTBOUND,I 70/US 40,1,0,3,0,55,0,0,1
7550,EASTBOUND,I 70/US 40,1,0,4,0,55,0,0,1
7553,EASTBOUND,I 70/US 40,0,0,4,0,55,0,0,1
7554,WESTBOUND,I 70/US 40,0,0,4,0,55,0,0,1
7555,EASTBOUND,I 70/US 40,0,0,4,0,55,0,0,1
7556,WESTBOUND,I 70/US 40,0,0,4,0,55,0,0,1
7557,WESTBOUND,I 70/US 40,0,0,3,1,55,0,0,1
7558,SOUTHBOUND,I 70/US 40,0,0,3,0,55,0,0,1
7559,NORTHBOUND,I 70/US 40,0,0,3,0,55,0,0,1
7560,NORTHBOUND,I 70/US 40,0,0,3,0,55,0,0,1
7561,SOUTHBOUND,I 70/US 40,0,0,3,0,55,0,0,1
7562,EASTBOUND,I 70/US 40,1,1,3,0,55,0,0,1
7563,WESTBOUND,I 70/US 40,0,0,3,1,55,0,0,1
7564,EASTBOUND,I 70/US 40,1,1,3,0,55,0,0,1
7566,WESTBOUND,I 70/US 40,0,1,4,0,55,0,0,1
7567,EASTBOUND,I 70/US 40,0,0,3,0,55,0,0,1
7568,WESTBOUND,I 70,0,0,3,0,55,0,0,1
7569,EASTBOUND,I 70,1,0,4,0,55,0,0,1
7570,WESTBOUND,I 70,0,0,4,0,55,0,0,1
7571,WESTBOUND,I 435/US 50,1,1,5,0,65,0,0,1
7572,WESTBOUND,I 435/US 50,0,0,4,0,65,0,0,1
7573,NORTHBOUND,NA,0,0,1,0,NA,1,0,1
7574,WESTBOUND,NA,0,0,3,0,NA,1,0,1
7576,SOUTHBOUND,NA,0,0,1,0,55,1,0,1
7577,EASTBOUND,NA,0,0,1,0,NA,1,0,1
7578,WESTBOUND,I 435/US 50,1,1,6,0,65,0,0,1
7579,WESTBOUND,NA,0,0,2,0,NA,1,0,1
7580,EASTBOUND,NA,0,0,NA,0,NA,1,0,1
7581,EASTBOUND,NA,0,0,1,0,NA,1,0,1
7583,SOUTHBOUND,NA,0,0,1,0,55,1,0,1
7584,NORTHBOUND,NA,0,0,1,0,55,1,0,1
7585,EASTBOUND,NA,0,0,1,0,NA,1,0,1
7586,NORTHBOUND,NA,0,0,1,0,55,1,0,1
7588,EASTBOUND,NA,0,0,2,0,NA,1,0,1
7591,WESTBOUND,I 435/US 50,0,0,4,1,65,0,0,1
7595,NORTHBOUND,US 69,0,0,3,0,65,0,0,1
7599,NORTHBOUND,NA,0,0,1,0,55,1,0,1
7600,EASTBOUND,NA,0,0,1,0,NA,1,0,1
7601,WESTBOUND,NA,0,0,NA,0,NA,1,0,1
7602,NORTHBOUND,I 70/US 40,0,0,1,0,55,0,0,1
7603,SOUTHBOUND,I 35,0,0,2,1,45,0,0,1
7604,EASTBOUND,NA,0,0,NA,0,NA,1,0,1
7605,NORTHBOUND,NA,0,0,1,0,NA,1,0,1
7606,EASTBOUND,NA,0,0,1,0,NA,1,0,1
7608,EASTBOUND,NA,0,0,1,0,NA,1,0,1
7610,EASTBOUND,NA,0,0,1,0,NA,1,0,1
7612,WESTBOUND,NA,0,0,1,0,NA,1,0,1
7613,NORTHBOUND,NA,0,0,1,0,NA,1,0,1
7614,WESTBOUND,NA,0,0,2,0,NA,1,0,1
7615,EASTBOUND,NA,0,0,1,0,NA,1,0,1
7616,NORTHBOUND,NA,0,0,1,0,NA,1,0,1
7617,SOUTHBOUND,NA,0,0,NA,0,NA,1,0,1
7618,NORTHBOUND,NA,0,0,1,0,NA,1,0,1
7619,NORTHBOUND,I 635,0,0,3,0,65,0,0,1
7620,SOUTHBOUND,I 635,0,0,3,0,65,0,0,1
7621,SOUTHBOUND,NA,0,0,1,0,NA,1,0,1
7622,SOUTHBOUND,I 635,0,1,4,0,65,0,0,1
7623,NORTHBOUND,NA,0,0,1,0,NA,1,0,1
7624,NORTHBOUND,NA,0,0,1,0,NA,1,0,1
7625,SOUTHBOUND,NA,0,0,1,0,NA,1,0,1
7626,EASTBOUND,NA,0,0,1,0,NA,1,0,1
7627,NORTHBOUND,I 635,0,0,3,0,65,0,0,1
7628,SOUTHBOUND,I 635,1,0,4,0,65,0,0,1
7629,NORTHBOUND,NA,0,0,1,0,NA,1,0,1
7630,SOUTHBOUND,NA,0,0,1,0,NA,1,0,1
7631,NORTHBOUND,I 635,0,0,3,0,65,0,0,1
7632,SOUTHBOUND,I 635,0,0,3,0,65,0,0,1
7633,EASTBOUND,NA,0,0,1,0,NA,1,0,1
7634,EASTBOUND,NA,0,0,1,0,NA,1,0,1
7635,SOUTHBOUND,I 635,0,0,3,0,65,0,0,1
7639,EASTBOUND,I 435/US 50,0,0,4,0,65,0,0,1
7640,EASTBOUND,I 435/US 50,1,0,5,0,65,0,0,1
7644,EASTBOUND,I 435/US 50,0,1,4,1,65,0,0,1
7647,EASTBOUND,I 435/US 50,0,0,4,0,65,0,0,1
7649,WESTBOUND,NA,0,0,1,0,NA,1,0,1
7650,WESTBOUND,NA,0,0,1,0,NA,1,0,1
7651,NORTHBOUND,I 635,0,0,3,0,65,0,0,1
7652,NORTHBOUND,I 35/US 56/US 169,0,1,5,0,65,0,0,1
7653,NORTHBOUND,I 35/US 56/US 169,1,1,4,0,65,0,0,1
7654,NORTHBOUND,I 35/US 56/US 169,0,0,3,0,65,0,0,1
7655,NORTHBOUND,I 35/US 56/US 69/US 169,0,0,4,0,65,0,0,1
7657,NORTHBOUND,I 35/US 56/US 69/US 169,0,0,3,0,60,0,0,1
7658,NORTHBOUND,I 35/US 56/US 69/US 169,0,0,3,0,60,0,0,1
7659,NORTHBOUND,I 35/US 56/US 69/US 169,1,1,4,0,60,0,0,1
7660,NORTHBOUND,I 35/US 56/US 69/US 169,0,0,4,0,60,0,0,1
7661,NORTHBOUND,I 35,0,0,4,0,60,0,0,1
7662,NORTHBOUND,I 35,0,0,4,0,60,0,0,1
7663,NORTHBOUND,I 35,1,1,4,0,60,0,0,1
7664,NORTHBOUND,I 35,1,0,4,0,60,0,0,1
7665,EASTBOUND,I 35,0,1,4,1,60,0,0,1
7668,EASTBOUND,I 35/US 69,0,0,3,0,60,0,0,1
7669,EASTBOUND,I 35,0,0,3,0,60,0,0,1
7672,SOUTHBOUND,I 35/US 56/US 169,0,0,3,0,65,0,0,1
7673,SOUTHBOUND,I 35/US 56/US 169,1,1,3,0,65,0,0,1
7675,SOUTHBOUND,I 35/US 56/US 169,0,1,3,0,65,0,0,1
7676,SOUTHBOUND,I 35/US 56/US 169,0,1,3,0,65,0,0,1
7678,SOUTHBOUND,I 35/US 56/US 69/US 169,0,0,3,0,60,0,0,1
7679,EASTBOUND,I 70,0,0,3,0,65,0,0,1
7680,WESTBOUND,I 70,0,0,3,0,65,0,0,1
7681,EASTBOUND,NA,0,0,1,0,NA,1,0,1
7682,WESTBOUND,I 70,0,0,3,0,65,0,0,1
7683,WESTBOUND,I 70,0,1,4,0,65,0,0,1
7684,EASTBOUND,I 70,0,0,2,0,65,0,0,1
7685,EASTBOUND,I 70,1,1,3,0,65,0,0,1
7686,EASTBOUND,NA,0,0,1,0,NA,1,0,1
7687,WESTBOUND,NA,0,0,1,0,NA,1,0,1
7688,WESTBOUND,NA,0,0,1,0,NA,1,0,1
7689,EASTBOUND,NA,0,0,1,0,NA,1,0,1
7690,NORTHBOUND,NA,0,0,1,0,NA,1,0,1
7691,NORTHBOUND,I 435,0,0,2,0,65,0,0,1
7692,SOUTHBOUND,NA,0,0,1,0,NA,1,0,1
7693,WESTBOUND,NA,0,0,1,0,NA,1,0,1
7694,WESTBOUND,US 50,0,0,3,0,65,0,0,1
7695,WESTBOUND,I 435,0,0,2,1,65,0,0,1
7696,WESTBOUND,I 435,0,0,2,1,65,0,0,1
7697,EASTBOUND,I 70,0,0,3,0,65,0,0,1
7698,SOUTHBOUND,NA,0,0,1,0,NA,1,0,1
7700,EASTBOUND,I 435/US 50,1,1,6,0,65,0,0,1
7701,EASTBOUND,I 435/US 50,0,0,4,0,65,0,0,1
7702,EASTBOUND,I 435/US 50,0,0,4,0,65,0,0,1
7703,WESTBOUND,NA,0,0,1,0,NA,1,0,1
7704,EASTBOUND,I 70,1,1,3,0,65,0,0,1
7705,WESTBOUND,I 70,1,1,3,0,65,0,0,1
7707,EASTBOUND,NA,0,0,1,0,NA,1,0,1
7708,WESTBOUND,NA,0,0,1,0,NA,1,0,1
7714,EASTBOUND,NA,0,0,1,0,NA,1,0,1
7715,WESTBOUND,NA,0,0,1,0,NA,1,0,1
7718,EASTBOUND,I 70,0,0,3,0,65,0,0,1
7719,WESTBOUND,I 70,0,0,3,0,65,0,0,1
7720,EASTBOUND,NA,0,0,1,0,NA,1,0,1
7721,EASTBOUND,NA,0,0,1,0,NA,1,0,1
7722,NORTHBOUND,NA,0,0,1,0,NA,1,0,1
7723,EASTBOUND,NA,0,0,1,0,NA,1,0,1
7724,EASTBOUND,I 35,1,1,4,0,60,0,0,1
7725,EASTBOUND,I 35,0,0,3,0,60,0,0,1
7726,EASTBOUND,I 35,0,0,3,0,60,0,0,1
7727,SOUTHBOUND,NA,0,0,1,0,NA,1,0,1
7728,WESTBOUND,NA,0,0,1,0,NA,1,0,1
7729,WESTBOUND,NA,0,0,1,0,NA,1,0,1
7730,WESTBOUND,I 35,0,0,3,0,60,0,0,1
7731,SOUTHBOUND,I 35,0,0,3,0,60,0,0,1
7732,WESTBOUND,I 35,0,0,3,0,60,0,0,1
7733,WESTBOUND,NA,0,0,1,0,NA,1,0,1
7734,EASTBOUND,NA,0,0,1,0,NA,1,0,1
7735,EASTBOUND,NA,0,0,1,0,NA,1,0,1
7736,WESTBOUND,NA,0,0,1,0,NA,1,0,1
7737,EASTBOUND,NA,0,0,2,0,NA,1,0,1
7738,EASTBOUND,I 70,0,0,3,0,65,0,0,1
7739,EASTBOUND,I 70,1,0,4,0,65,0,0,1
7740,EASTBOUND,I 70,0,0,3,0,65,0,0,1
7741,EASTBOUND,I 70,0,0,3,0,65,0,0,1
7742,EASTBOUND,I 70,0,1,3,0,65,0,0,1
7743,EASTBOUND,I 70,0,1,3,0,65,0,0,1
7744,EASTBOUND,I 70,0,0,3,0,65,0,0,1
7745,EASTBOUND,I 70,1,1,3,0,65,0,0,1
7746,EASTBOUND,NA,0,0,1,0,NA,1,0,1
7747,WESTBOUND,NA,0,0,1,0,NA,1,0,1
7748,EASTBOUND,NA,0,0,1,0,NA,1,0,1
7749,WESTBOUND,NA,0,0,1,0,NA,1,0,1
7750,EASTBOUND,NA,0,0,1,0,NA,1,0,1
7751,WESTBOUND,NA,0,0,1,0,NA,1,0,1
7752,WESTBOUND,NA,0,0,2,0,NA,1,0,1
7753,WESTBOUND,I 70,0,0,3,0,65,0,0,1
7754,WESTBOUND,I 70,0,0,3,0,65,0,0,1
7755,WESTBOUND,I 70,1,0,3,0,65,0,0,1
7756,WESTBOUND,I 70,1,0,3,0,65,0,0,1
7757,WESTBOUND,I 70,0,0,3,0,65,0,0,1
7758,WESTBOUND,I 70,0,0,3,0,65,0,0,1
7759,WESTBOUND,I 70,1,1,3,0,65,0,0,1
7760,WESTBOUND,I 70,1,1,3,0,65,0,0,1
7761,WESTBOUND,I 70,0,0,2,0,65,0,0,1
7762,NORTHBOUND,NA,0,0,2,0,NA,1,0,1
7763,NORTHBOUND,NA,0,0,1,0,NA,1,0,1
7764,NORTHBOUND,NA,0,0,2,0,NA,1,0,1
7765,NORTHBOUND,I 49/US 71,0,0,3,0,65,0,0,1
7766,SOUTHBOUND,NA,0,0,1,0,NA,1,0,1
7767,SOUTHBOUND,NA,0,0,1,0,NA,1,0,1
7769,SOUTHBOUND,NA,0,0,1,0,NA,1,0,1
7770,SOUTHBOUND,I 49/US 71,1,0,5,0,65,0,0,1
7771,SOUTHBOUND,I 49/US 71,0,0,4,1,65,0,0,1
7772,EASTBOUND,I 435/US 50,0,0,6,0,65,0,0,1
7773,NORTHBOUND,I 435,0,1,5,0,65,0,0,1
7774,EASTBOUND,I 435,0,0,2,1,65,0,0,1
7775,SOUTHBOUND,NA,0,0,1,0,NA,1,0,1
7776,NORTHBOUND,NA,0,0,2,0,NA,1,0,1
7778,SOUTHBOUND,I 435,0,0,2,0,65,0,0,1
7779,SOUTHBOUND,I 435,0,1,4,0,65,0,0,1
7781,NORTHBOUND,NA,0,0,1,0,NA,1,0,1
7782,EASTBOUND,NA,0,0,1,0,NA,1,0,1
7783,EASTBOUND,NA,0,0,1,0,NA,1,0,1
7784,EASTBOUND,NA,0,0,1,0,NA,1,0,1
7785,EASTBOUND,I 470/US 50,0,0,3,0,65,0,0,1
7786,EASTBOUND,I 470/US 50,0,0,4,0,65,0,0,1
7787,EASTBOUND,I 470/US 50,1,1,4,0,65,0,0,1
7788,EASTBOUND,I 470/US 50,0,1,4,1,65,0,0,1
7789,SOUTHBOUND,NA,0,0,1,0,NA,1,0,1
7790,WESTBOUND,NA,0,0,2,0,NA,1,0,1
7791,WESTBOUND,US 50,0,0,3,0,65,0,0,1
7793,WESTBOUND,I 435/US 50,0,0,4,0,65,0,0,1
7794,EASTBOUND,NA,0,0,1,0,NA,1,0,1
7795,EASTBOUND,NA,0,0,2,0,NA,1,0,1
7796,NORTHBOUND,NA,0,0,1,0,NA,1,0,1
7797,EASTBOUND,I 435/US 50,0,0,4,0,65,0,0,1
7798,WESTBOUND,NA,0,0,1,0,NA,1,0,1
7799,WESTBOUND,NA,0,0,2,0,NA,1,0,1
7800,EASTBOUND,KS 10,0,0,2,0,70,0,0,1
7801,EASTBOUND,NA,0,0,NA,0,NA,1,0,1
7802,WESTBOUND,KS 10,0,0,2,0,70,0,0,1
7803,WESTBOUND,NA,0,0,NA,0,NA,1,0,1
7804,EASTBOUND,I 435/US 50,0,0,4,0,65,0,0,1
7806,WESTBOUND,NA,0,0,3,0,NA,1,0,1
7807,NORTHBOUND,NA,0,0,1,0,NA,1,0,1
7808,EASTBOUND,NA,0,0,1,0,NA,1,0,1
7810,EASTBOUND,I 670/I 70 Alt,1,0,3,0,55,0,0,1
7811,WESTBOUND,I 670/I 70 Alt,1,1,4,0,55,0,0,1
7812,EASTBOUND,I 670/I 70 Alt,1,0,3,0,55,0,0,1
7813,EASTBOUND,I 670/I 70 Alt,0,2,4,0,55,0,0,1
7814,WESTBOUND,I 670/I 70 Alt,1,0,3,0,55,0,0,1
7815,EASTBOUND,I 670/I 70 Alt,0,2,4,0,55,0,0,1
7816,WESTBOUND,I 670/I 70 Alt,0,0,2,0,55,0,0,1
7817,EASTBOUND,I 670/I 70 Alt,0,1,2,0,55,0,0,1
7818,EASTBOUND,I 35/US 24,0,0,2,0,55,0,0,1
7819,WESTBOUND,I 35,0,0,3,0,60,0,0,1
7820,EASTBOUND,NA,0,0,2,0,NA,1,0,1
7821,EASTBOUND,I 35,0,0,3,0,60,0,0,1
7822,EASTBOUND,I 35,0,0,3,0,60,0,0,1
7823,WESTBOUND,I 35,0,0,3,0,60,0,0,1
7824,EASTBOUND,I 35,0,0,4,1,60,0,0,1
7825,WESTBOUND,I 35,0,0,3,1,60,0,0,1
7826,WESTBOUND,I 35,0,0,3,0,60,0,0,1
7827,NORTHBOUND,I 35,0,0,3,0,60,0,0,1
7828,NORTHBOUND,I 35/US 56/US 169,0,0,3,0,65,0,0,1
7829,SOUTHBOUND,I 35/US 56/US 169,0,1,3,0,65,0,0,1
7831,SOUTHBOUND,NA,0,0,1,0,NA,1,0,1
7832,EASTBOUND,NA,0,0,1,0,NA,1,0,1
7833,WESTBOUND,NA,0,0,1,0,NA,1,0,1
7834,NORTHBOUND,I 635,0,0,3,0,55,0,0,1
7835,SOUTHBOUND,I 635,0,0,3,0,55,0,0,1
7836,NORTHBOUND,NA,0,0,1,0,NA,1,0,1
7837,NORTHBOUND,I 635,0,0,3,0,65,0,0,1
7838,SOUTHBOUND,I 635,0,0,4,0,65,0,0,1
7839,NORTHBOUND,I 635,0,1,4,0,65,0,0,1
7840,SOUTHBOUND,I 635,0,0,3,0,65,0,0,1
7841,EASTBOUND,NA,0,0,1,0,NA,1,0,1
7842,EASTBOUND,NA,0,0,1,0,NA,1,0,1
7843,WESTBOUND,NA,0,0,1,0,NA,1,0,1
7844,NORTHBOUND,NA,0,0,1,0,NA,1,0,1
7845,WESTBOUND,I 635,1,0,4,0,65,0,0,1
7846,NORTHBOUND,I 635,0,0,3,1,65,0,0,1
7847,SOUTHBOUND,NA,0,0,1,0,NA,1,0,1
7848,SOUTHBOUND,I 635,0,1,3,0,65,0,0,1
7849,NORTHBOUND,NA,0,0,2,0,NA,1,0,1
7850,SOUTHBOUND,NA,0,0,1,0,NA,1,0,1
7851,SOUTHBOUND,I 635,0,0,4,0,65,0,0,1
7852,WESTBOUND,NA,0,0,1,0,NA,1,0,1
7853,NORTHBOUND,I 635,0,0,3,0,65,0,0,1
7854,NORTHBOUND,NA,0,0,1,0,NA,1,0,1
7855,WESTBOUND,NA,0,0,1,0,NA,1,0,1
7856,NORTHBOUND,I 635,0,0,3,0,65,0,0,1
7857,SOUTHBOUND,I 635,0,0,3,0,65,0,0,1
7858,EASTBOUND,I 70/US 24/US 40,0,1,3,0,65,0,0,1
7859,WESTBOUND,I 70/US 24/US 40,1,0,3,0,65,0,0,1
7860,EASTBOUND,NA,0,0,1,0,NA,1,0,1
7861,EASTBOUND,NA,0,0,1,0,NA,1,0,1
7862,SOUTHBOUND,NA,0,0,1,0,NA,1,0,1
7863,EASTBOUND,NA,0,0,1,0,NA,1,0,1
7864,WESTBOUND,NA,0,0,1,0,NA,1,0,1
7865,EASTBOUND,I 70/US 24/US 40,0,0,3,0,65,0,0,1
7866,WESTBOUND,I 70/US 24/US 40,1,0,3,0,65,0,0,1
7867,WESTBOUND,NA,0,0,1,0,NA,1,0,1
7868,WESTBOUND,NA,0,0,1,0,NA,1,0,1
7869,WESTBOUND,NA,0,0,1,0,NA,1,0,1
7870,WESTBOUND,NA,0,0,2,0,NA,1,0,1
7871,WESTBOUND,I 70/US 24/US 40,0,0,3,0,65,0,0,1
7872,EASTBOUND,NA,0,0,1,0,NA,1,0,1
7873,EASTBOUND,I 70/US 24/US 40,1,0,4,0,65,0,0,1
7874,NORTHBOUND,NA,0,0,1,0,NA,1,0,1
7875,WESTBOUND,I 70/US 24/US 40,0,0,3,0,65,0,0,1
7876,SOUTHBOUND,NA,0,0,1,0,NA,1,0,1
7877,WESTBOUND,NA,0,0,1,0,NA,1,0,1
7878,EASTBOUND,NA,0,0,1,0,NA,1,0,1
7879,EASTBOUND,I 70/US 24/US 40,0,0,4,0,65,0,0,1
7880,WESTBOUND,NA,0,0,2,0,NA,1,0,1
7881,WESTBOUND,I 70/US 24/US 40,0,1,4,0,65,0,0,1
7882,EASTBOUND,I 70/US 24/US 40,1,1,4,0,65,0,0,1
7883,NORTHBOUND,I 635,1,0,3,0,65,0,0,1
7884,EASTBOUND,NA,0,0,2,0,NA,1,0,1
7885,EASTBOUND,NA,0,0,3,0,NA,1,0,1
7886,NORTHBOUND,I 29/I 35/US 71,0,0,3,0,55,0,0,1
7887,SOUTHBOUND,I 29/I 35/US 71,0,0,3,0,55,0,0,1
7888,NORTHBOUND,I 29/I 35/US 71,0,0,3,1,55,0,0,1
7889,SOUTHBOUND,I 29/I 35/US 71,0,0,3,1,55,0,0,1
7890,NORTHBOUND,I 435,1,0,3,1,70,0,0,1
7891,SOUTHBOUND,I 435,0,1,3,1,70,0,0,1
7892,EASTBOUND,I 435,0,0,4,0,65,0,0,1
7893,SOUTHBOUND,I 435,1,1,4,0,70,0,0,1
7894,NORTHBOUND,I 435,1,1,4,0,70,0,0,1
7895,NORTHBOUND,I 435,0,0,3,0,70,0,0,1
7896,SOUTHBOUND,I 435,0,0,3,0,70,0,0,1
7897,EASTBOUND,KS 10,0,0,2,0,65,0,0,1
7899,NORTHBOUND,I 29/I 35/US 71,0,0,3,1,55,0,0,1
7900,WESTBOUND,I 29/I 35/US 71,0,0,3,0,55,0,0,1
7901,NORTHBOUND,I 435,0,0,3,0,65,0,0,1
7902,SOUTHBOUND,I 435,0,0,3,0,65,0,0,1
7903,EASTBOUND,I 435,1,0,3,0,65,0,0,1
7904,WESTBOUND,I 435,0,1,3,0,65,0,0,1
7905,NORTHBOUND,I 435,0,0,3,0,65,0,0,1
7906,SOUTHBOUND,I 435,0,0,3,0,65,0,0,1
7907,NORTHBOUND,I 435,1,1,3,1,65,0,0,1
7908,SOUTHBOUND,I 435,1,1,3,1,65,0,0,1
7909,NORTHBOUND,I 435,0,0,3,0,65,0,0,1
7910,SOUTHBOUND,I 435,0,0,3,0,65,0,0,1
7911,NORTHBOUND,I 435,0,0,3,0,65,0,0,1
7912,NORTHBOUND,NA,0,0,1,0,NA,1,0,1
7913,SOUTHBOUND,I 435,0,1,3,0,65,0,0,1
7914,NORTHBOUND,I 435,1,1,4,0,65,0,0,1
7915,SOUTHBOUND,I 435,1,1,4,0,65,0,0,1
7922,WESTBOUND,I 435,0,0,5,0,65,0,0,1
7923,NORTHBOUND,I 635,0,0,3,1,65,0,0,1
7932,SOUTHBOUND,I 635,0,0,3,1,65,0,0,1
7933,SOUTHBOUND,I 635,0,0,3,0,65,0,0,1
7934,NORTHBOUND,I 635,0,0,3,0,65,0,0,1
7935,SOUTHBOUND,I 635,0,0,3,0,65,0,0,1
7936,NORTHBOUND,I 635,0,0,3,0,65,0,0,1
7937,SOUTHBOUND,I 635,0,0,3,0,65,0,0,1
7938,NORTHBOUND,I 635,0,0,3,0,65,0,0,1
7939,SOUTHBOUND,I 635,0,0,3,0,65,0,0,1
7940,NORTHBOUND,I 635,1,1,3,0,65,0,0,1
7941,SOUTHBOUND,I 635,1,1,3,0,65,0,0,1
7942,EASTBOUND,I 635,0,0,3,0,65,0,0,1
7943,WESTBOUND,I 635,0,0,3,0,65,0,0,1
7944,EASTBOUND,NA,0,0,1,0,NA,1,0,1
7945,SOUTHBOUND,NA,0,0,1,0,NA,1,0,1
7946,EASTBOUND,I 635,0,0,3,0,65,0,0,1
7947,WESTBOUND,I 635,0,0,3,0,65,0,0,1
7948,NORTHBOUND,KS 5,0,0,1,0,NA,0,0,1
7949,WESTBOUND,KS 5,0,1,1,0,NA,0,0,1
7950,EASTBOUND,I 635/KS 5,0,0,3,1,65,0,0,1
7951,WESTBOUND,I 635/KS 5,0,0,3,1,65,0,0,1
7952,EASTBOUND,I 635,0,0,2,0,65,0,0,1
7953,WESTBOUND,I 635,0,0,2,1,65,0,0,1
7954,EASTBOUND,KS 5,0,0,1,0,55,0,0,1
7955,WESTBOUND,KS 5,0,0,1,0,55,0,0,1
7956,WESTBOUND,I 635,0,0,2,1,65,0,0,1
7957,SOUTHBOUND,NA,0,0,1,0,NA,1,0,1
7958,EASTBOUND,I 635,0,0,2,0,65,0,0,1
7959,NORTHBOUND,NA,0,0,1,0,NA,1,0,1
7960,NORTHBOUND,I 635,1,0,2,0,65,0,0,1
7961,SOUTHBOUND,I 635,0,0,2,0,65,0,0,1
7962,WESTBOUND,I 70,0,0,3,0,65,0,0,1
7963,EASTBOUND,I 70,0,0,3,0,65,0,0,1
7964,WESTBOUND,I 49/US 71,1,1,5,0,65,0,0,1
7965,SOUTHBOUND,I 49/US 71,0,0,3,0,65,0,0,1
7966,NORTHBOUND,US 71,1,1,4,0,65,0,0,1
7967,SOUTHBOUND,US 71,1,1,4,0,65,0,0,1
7968,EASTBOUND,NA,0,0,2,0,NA,1,0,1
7969,SOUTHBOUND,NA,0,0,1,0,NA,1,0,1
7970,SOUTHBOUND,NA,0,0,1,0,NA,1,0,1
7971,EASTBOUND,NA,0,0,2,0,NA,1,0,1
7972,EASTBOUND,I 49/US 71,1,1,5,0,65,0,0,1
7973,NORTHBOUND,I 49/US 71,1,0,3,1,65,0,0,1
7974,WESTBOUND,NA,0,0,2,0,NA,1,0,1
7975,NORTHBOUND,NA,0,0,1,0,NA,1,0,1
7976,SOUTHBOUND,NA,0,0,2,0,NA,1,0,1
7977,NORTHBOUND,NA,0,0,3,0,NA,1,0,1
7978,SOUTHBOUND,I 35/US 56/US 69/US 169,0,0,5,0,65,0,0,1
7979,EASTBOUND,I 470/US 50,0,0,3,0,65,0,0,1
7980,WESTBOUND,I 470/US 50,0,0,3,0,65,0,0,1
7981,EASTBOUND,I 470,0,0,2,0,65,0,0,1
7982,WESTBOUND,I 470/US 50,0,0,3,0,65,0,0,1
7983,WESTBOUND,NA,0,0,1,0,NA,1,0,1
7984,EASTBOUND,US 50,0,1,2,0,55,0,0,1
7985,NORTHBOUND,NA,0,0,NA,0,NA,1,0,1
7986,SOUTHBOUND,NA,0,0,NA,0,NA,1,0,1
7987,NORTHBOUND,I 29/I 35/US 71,0,0,3,0,55,0,0,1
7988,SOUTHBOUND,I 29/I 35/US 71,0,0,3,0,55,0,0,1
7989,EASTBOUND,I 29/I 35/US 71,0,0,3,0,45,0,0,1
7990,WESTBOUND,I 29/I 35/US 71,0,0,3,0,55,0,0,1
7991,NORTHBOUND,NA,0,0,NA,0,NA,1,0,1
7992,SOUTHBOUND,NA,0,0,1,0,NA,1,0,1
7994,SOUTHBOUND,NA,0,0,NA,0,NA,1,0,1
7995,SOUTHBOUND,NA,0,0,NA,0,NA,1,0,1
7996,NORTHBOUND,NA,0,0,NA,0,NA,1,0,1
7997,NORTHBOUND,NA,0,0,NA,0,NA,1,0,1
7998,NORTHBOUND,I 29/I 35/US 71,0,0,3,0,55,0,0,1
7999,SOUTHBOUND,I 29/I 35/US 71,0,0,3,0,55,0,0,1
8000,NORTHBOUND,NA,0,0,NA,0,NA,1,0,1
8001,SOUTHBOUND,NA,0,0,1,0,NA,1,0,1
8007,EASTBOUND,I 70,0,1,4,0,55,0,0,1
8008,WESTBOUND,I 70,0,0,4,0,55,0,0,1
8010,NORTHBOUND,I 29/I 35/US 71,0,1,3,0,55,0,0,1
8011,SOUTHBOUND,I 29/I 35/US 71,1,0,4,0,55,0,0,1
8012,SOUTHBOUND,NA,0,0,NA,0,NA,1,0,1
8013,EASTBOUND,NA,0,0,2,0,NA,1,0,1
8014,EASTBOUND,NA,0,0,NA,0,NA,1,0,1
8015,EASTBOUND,I 470/US 50,0,0,3,1,65,0,0,1
8016,WESTBOUND,I 470/US 50,0,0,3,1,65,0,0,1
8017,EASTBOUND,I 470/US 50,1,0,3,0,65,0,0,1
8018,WESTBOUND,I 470/US 50,0,1,3,0,65,0,0,1
8019,EASTBOUND,I 470,0,0,2,0,65,0,0,1
8020,WESTBOUND,I 470,0,0,2,0,65,0,0,1
8021,EASTBOUND,I 470,0,0,2,0,65,0,0,1
8022,WESTBOUND,I 470,0,0,2,0,65,0,0,1
8023,NORTHBOUND,I 470/MO 291,0,1,3,0,65,0,0,1
8024,SOUTHBOUND,I 470/MO 291,0,0,4,0,65,0,0,1
8025,NORTHBOUND,I 470/MO 291,1,1,3,0,65,0,0,1
8026,SOUTHBOUND,I 470/MO 291,1,1,3,0,65,0,0,1
8027,NORTHBOUND,NA,0,0,1,0,NA,1,0,1
8028,WESTBOUND,NA,0,0,1,0,NA,1,0,1
8029,NORTHBOUND,US 69,0,1,2,0,65,0,0,1
8030,SOUTHBOUND,US 69,1,0,2,0,65,0,0,1
8031,WESTBOUND,KS 10,0,1,2,0,70,0,0,1
8032,NORTHBOUND,I 435,0,0,3,0,65,0,0,1
8033,SOUTHBOUND,I 435,0,0,3,0,65,0,0,1
8034,NORTHBOUND,I 435,0,0,3,0,65,0,0,1
8035,SOUTHBOUND,I 435,0,0,3,0,65,0,0,1
8036,NORTHBOUND,I 435,0,0,3,0,65,0,0,1
8037,SOUTHBOUND,I 435,0,0,3,0,65,0,0,1
8038,NORTHBOUND,I 435,1,0,3,0,65,0,0,1
8039,SOUTHBOUND,I 435,0,1,3,0,65,0,0,1
8040,NORTHBOUND,I 435,0,1,3,0,65,0,0,1
8041,SOUTHBOUND,I 435,1,0,3,0,65,0,0,1
8042,NORTHBOUND,I 435,0,0,3,0,65,0,0,1
8043,SOUTHBOUND,I 435,0,0,3,0,65,0,0,1
8044,NORTHBOUND,I 435,1,1,3,0,65,0,0,1
8045,SOUTHBOUND,I 435,1,1,4,0,65,0,0,1
8046,NORTHBOUND,I 435,0,0,3,0,65,0,0,1
8047,SOUTHBOUND,I 435,0,0,3,0,65,0,0,1
8048,NORTHBOUND,I 435,0,0,3,0,65,0,0,1
8049,SOUTHBOUND,I 435,0,0,3,0,65,0,0,1
8050,NORTHBOUND,I 470/MO 291,1,1,2,0,65,0,0,1
8051,SOUTHBOUND,I 470/MO 291,1,1,2,0,65,0,0,1
8052,EASTBOUND,I 435/US 50,0,1,6,0,65,0,0,1
8053,WESTBOUND,I 435/US 50,1,0,6,0,65,0,0,1
8054,SOUTHBOUND,US 50,0,0,2,0,60,0,0,1
8055,NORTHBOUND,US 50,0,0,2,0,60,0,0,1
8056,NORTHBOUND,I 435,0,0,2,0,65,0,0,1
8057,SOUTHBOUND,I 435,0,0,2,0,65,0,0,1
8058,NORTHBOUND,I 435,0,0,3,0,70,0,0,1
8059,SOUTHBOUND,I 435,0,0,3,0,70,0,0,1
8060,EASTBOUND,KS 10,1,1,2,0,70,0,0,1
8061,WESTBOUND,KS 10,1,1,2,0,70,0,0,1
8062,WESTBOUND,KS 10,1,1,2,0,70,0,0,1
8063,EASTBOUND,KS 10,1,1,2,0,70,0,0,1
8064,EASTBOUND,KS 10,1,1,2,0,70,0,0,1
8065,WESTBOUND,KS 10,1,1,2,0,70,0,0,1
8066,NORTHBOUND,US 69,1,1,2,0,65,0,0,1
8067,SOUTHBOUND,US 69,1,1,3,0,65,0,0,1
8068,WESTBOUND,US 69,0,1,2,1,65,0,0,1
8069,EASTBOUND,US 69,1,0,2,1,65,0,0,1
8070,WESTBOUND,US 69,0,1,2,0,65,0,0,1
8071,EASTBOUND,US 69,1,0,2,0,65,0,0,1
8072,NORTHBOUND,US 69,0,0,3,0,65,0,0,1
8073,SOUTHBOUND,US 69,0,0,2,0,65,0,0,1
8074,EASTBOUND,US 50,0,0,2,0,60,0,0,1
8075,WESTBOUND,US 50,0,0,2,0,60,0,0,1
8076,EASTBOUND,US 50,0,0,2,0,60,0,0,1
8077,WESTBOUND,US 50,0,0,2,0,60,0,0,1
8078,EASTBOUND,US 50,0,0,2,0,60,0,0,1
8079,WESTBOUND,US 50,0,0,2,0,60,0,0,1
8080,NORTHBOUND,I 35/US 56/US 69/US 169,0,0,4,0,65,0,0,1
8081,NORTHBOUND,US 69,1,1,3,0,65,0,0,1
8082,SOUTHBOUND,US 69,0,0,2,0,65,0,0,1
8083,SOUTHBOUND,US 69,0,0,2,0,65,0,0,1
8084,NORTHBOUND,US 69,0,0,4,1,65,0,0,1
8085,SOUTHBOUND,US 69,1,1,5,0,65,0,0,1
8086,NORTHBOUND,US 69,1,1,5,1,65,0,0,1
8087,SOUTHBOUND,US 69,1,0,4,1,65,0,0,1
8088,NORTHBOUND,US 69,0,1,4,0,65,0,0,1
8089,SOUTHBOUND,US 69,0,0,3,0,65,0,0,1
8090,NORTHBOUND,US 69,0,1,2,0,65,0,0,1
8091,SOUTHBOUND,US 69,0,0,2,0,65,0,0,1
8092,WESTBOUND,I 435,1,0,3,0,65,0,0,1
8093,EASTBOUND,I 435,0,1,3,0,65,0,0,1
8094,WESTBOUND,I 70,1,1,4,0,65,0,0,1
8095,EASTBOUND,I 70,0,0,3,0,65,0,0,1
8096,NORTHBOUND,US 69,1,1,3,0,65,0,0,1
8097,NORTHBOUND,US 69,0,0,4,1,65,0,0,1
8098,NORTHBOUND,US 69,0,1,4,0,65,0,0,1
8099,SOUTHBOUND,US 69,0,0,3,0,65,0,0,1
8102,NORTHBOUND,I 49/US 71,0,0,3,0,65,0,0,1
8103,NORTHBOUND,I 49/US 71,1,1,3,0,65,0,0,1
8104,NORTHBOUND,I 49/US 71,1,0,3,0,65,0,0,1
8105,NORTHBOUND,I 49/US 71,0,0,4,0,65,0,0,1
8106,NORTHBOUND,I 49/US 71,0,0,5,0,65,0,0,1
8107,NORTHBOUND,US 71,0,1,4,0,65,0,0,1
8108,NORTHBOUND,US 71,0,1,3,1,65,0,0,1
8109,NORTHBOUND,US 71,0,0,2,0,55,0,0,1
8113,SOUTHBOUND,I 49/US 71,0,0,3,0,65,0,0,1
8114,SOUTHBOUND,I 49/US 71,1,1,4,0,65,0,0,1
8115,SOUTHBOUND,I 49/US 71,0,1,4,0,65,0,0,1
8116,SOUTHBOUND,I 49/US 71,1,1,5,0,65,0,0,1
8117,SOUTHBOUND,I 49/US 71,0,0,5,0,65,0,0,1
8118,SOUTHBOUND,US 71,1,1,3,0,65,0,0,1
8119,SOUTHBOUND,US 71,0,0,2,0,65,0,0,1
8120,SOUTHBOUND,US 71,0,0,2,0,55,0,0,1
8122,NORTHBOUND,I 470/MO 291,1,0,2,1,65,0,0,1
8123,SOUTHBOUND,I 470/MO 291,0,1,2,1,65,0,0,1
8124,NORTHBOUND,I 470/MO 291,1,0,3,0,55,0,0,1
8125,SOUTHBOUND,I 470/MO 291,0,1,3,0,55,0,0,1
8128,EASTBOUND,I 70/US 24/US 40,0,0,2,0,45,0,0,1
8130,EASTBOUND,I 670/I 70 Alt,0,0,3,0,55,0,0,1
8131,WESTBOUND,I 670/I 70 Alt,0,0,3,0,55,0,0,1
8132,EASTBOUND,I 670/I 70 Alt,0,1,4,0,55,0,0,1
8133,WESTBOUND,I 670/I 70 Alt,1,0,4,0,55,0,0,1
8134,NORTHBOUND,I 35,0,0,4,0,55,0,0,1
8135,SOUTHBOUND,I 35,0,0,4,0,55,0,0,1
8136,NORTHBOUND,I 35,0,0,3,0,55,0,0,1
8137,SOUTHBOUND,I 35,0,0,4,0,55,0,0,1
8138,EASTBOUND,I 35,0,0,3,1,55,0,0,1
8139,WESTBOUND,I 35,0,0,3,1,55,0,0,1
8141,EASTBOUND,I 70,0,0,3,0,65,0,0,1
8142,WESTBOUND,I 70,0,0,3,0,65,0,0,1
8143,EASTBOUND,I 70,1,1,3,0,65,0,0,1
8144,WESTBOUND,I 70,1,1,3,0,65,0,0,1
8145,EASTBOUND,I 70,1,1,3,0,65,0,0,1
8146,WESTBOUND,I 70,1,1,3,0,65,0,0,1
8147,EASTBOUND,I 70,0,0,3,0,65,0,0,1
8148,WESTBOUND,I 70,0,0,3,0,65,0,0,1
8149,EASTBOUND,I 70,1,1,3,0,65,0,0,1
8150,WESTBOUND,I 70,1,1,3,0,65,0,0,1
8151,EASTBOUND,I 70,1,1,4,0,65,0,0,1
8152,WESTBOUND,I 70,1,1,4,0,65,0,0,1
8155,EASTBOUND,I 70,1,1,2,0,65,0,0,1
8156,WESTBOUND,I 70,1,1,2,0,65,0,0,1
8157,EASTBOUND,I 70,1,1,2,0,70,0,0,1
8158,WESTBOUND,I 70,1,1,2,0,70,0,0,1
8159,NORTHBOUND,I 435,1,0,5,0,65,0,0,1
8161,EASTBOUND,US 50,0,0,2,0,60,0,0,1
8162,WESTBOUND,US 50,0,0,2,0,60,0,0,1
8163,EASTBOUND,US 50,1,1,2,1,65,0,0,1
8164,WESTBOUND,US 50,1,1,2,1,65,0,0,1
8171,NORTHBOUND,I 29/US 71,0,0,2,0,70,0,0,1
8173,NORTHBOUND,I 29/US 71,0,0,3,0,70,0,0,1
8174,SOUTHBOUND,I 29/US 71,0,0,3,0,70,0,0,1
8175,NORTHBOUND,I 29/US 71,1,1,3,0,70,0,0,1
8179,NORTHBOUND,I 29/US 71,0,0,3,0,65,0,0,1
8180,SOUTHBOUND,I 29/US 71,0,0,3,0,65,0,0,1
8181,NORTHBOUND,I 29/US 71,1,0,3,1,65,0,0,1
8182,SOUTHBOUND,I 29/US 71,1,1,3,1,65,0,0,1
8185,WESTBOUND,I 29/US 71,0,0,2,0,55,0,0,1
8186,EASTBOUND,I 29/US 71,0,1,3,0,55,0,0,1
8187,NORTHBOUND,I 635,0,2,3,1,55,0,0,1
8188,SOUTHBOUND,I 635,2,0,3,1,55,0,0,1
8189,NORTHBOUND,I 635,1,0,3,0,65,0,0,1
8190,SOUTHBOUND,I 635,0,0,3,0,65,0,0,1
8191,EASTBOUND,I 635,0,0,2,0,65,0,0,1
8193,WESTBOUND,I 29/US 71,1,1,4,0,55,0,0,1
8194,EASTBOUND,I 29/US 71,1,1,4,0,55,0,0,1
8195,WESTBOUND,I 29/US 71,0,0,2,0,55,0,0,1
8196,EASTBOUND,I 29/US 71,1,1,2,0,55,0,0,1
8197,WESTBOUND,I 29/US 71,1,1,2,1,55,0,0,1
8198,EASTBOUND,I 29/US 71,0,1,2,1,55,0,0,1
8199,EASTBOUND,I 35,0,0,3,0,65,0,0,1
8200,WESTBOUND,I 35,0,0,2,0,65,0,0,1
8207,EASTBOUND,I 35/MO 110,0,0,2,1,65,0,0,1
8208,WESTBOUND,I 35/MO 110,0,0,2,1,65,0,0,1
8210,SOUTHBOUND,I 35/US 69/MO 110,0,0,2,0,65,0,0,1
8217,NORTHBOUND,I 435,1,0,4,0,70,0,0,1
8218,SOUTHBOUND,I 435,0,1,4,0,70,0,0,1
8219,EASTBOUND,I 435/US 50,0,0,4,0,65,0,0,1
8220,WESTBOUND,I 435/US 50,0,0,4,0,65,0,0,1
8221,EASTBOUND,I 35/I 70/US 24/US 40,1,1,4,0,45,0,0,1
8222,WESTBOUND,I 35/I 70/US 24/US 40,1,1,4,0,45,0,0,1
8223,WESTBOUND,I 35/I 70/US 24/US 40,0,0,3,0,55,0,0,1
8224,SOUTHBOUND,I 29/US 71,1,1,3,0,70,0,0,1
8225,NORTHBOUND,I 35/US 69/MO 110,0,0,2,0,65,0,0,1
8227,SOUTHBOUND,I 70/US 40/US 71,0,0,3,0,55,0,0,1
8228,EASTBOUND,I 70/US 40,0,0,2,0,55,0,0,1
8229,WESTBOUND,I 70/US 40,0,0,4,0,55,0,0,1
8230,EASTBOUND,I 70/US 40,0,0,3,0,55,0,0,1
8231,EASTBOUND,I 70/US 40,1,0,3,1,55,0,0,1
8232,SOUTHBOUND,I 70/US 40,1,1,4,0,55,0,0,1
8233,NORTHBOUND,I 70/US 40,0,0,3,0,55,0,0,1
8234,EASTBOUND,I 70/US 40,1,0,3,0,55,0,0,1
8235,EASTBOUND,I 435/US 50,0,0,4,0,65,0,0,1
8236,WESTBOUND,I 435/US 50,0,0,4,0,65,0,0,1
8237,EASTBOUND,I 435/US 50,0,0,4,0,65,0,0,1
8238,WESTBOUND,I 435/US 50,0,0,4,0,65,0,0,1
8239,SOUTHBOUND,I 35/US 50/US 56/US 169,1,1,3,0,65,0,0,1
8240,NORTHBOUND,I 35/US 50/US 56/US 169,1,1,3,0,65,0,0,1
8241,NORTHBOUND,I 35/US 50/US 56/US 169,1,1,3,0,65,0,0,1
8242,SOUTHBOUND,I 35/US 50/US 56/US 169,1,1,3,0,65,0,0,1
8243,NORTHBOUND,I 35/US 50/US 56/US 169,1,0,3,0,65,0,0,1
8244,SOUTHBOUND,I 35/US 50/US 56/US 169,0,0,3,0,65,0,0,1
8245,EASTBOUND,I 35/US 50/US 56,0,0,3,0,65,0,0,1
8246,WESTBOUND,I 35/US 50/US 56,0,0,3,0,65,0,0,1
8247,EASTBOUND,I 35/US 50/US 56,1,0,2,0,65,0,0,1
8248,WESTBOUND,I 35/US 50/US 56,1,1,2,0,65,0,0,1
8249,EASTBOUND,I 35/US 50/US 56,1,1,2,0,65,0,0,1
8250,WESTBOUND,I 35/US 50/US 56,1,0,2,0,65,0,0,1
8251,EASTBOUND,I 35/US 50/US 56,1,1,2,0,65,0,0,1
8252,WESTBOUND,I 35/US 50/US 56,1,0,2,0,65,0,0,1
8253,EASTBOUND,I 35/US 50,0,0,2,0,75,0,0,1
8254,WESTBOUND,I 35/US 50,0,0,2,0,75,0,0,1
8255,EASTBOUND,I 35/US 50,0,0,2,0,75,0,0,1
8256,WESTBOUND,I 35/US 50,0,0,2,0,75,0,0,1
8257,EASTBOUND,I 35/US 50,1,1,2,0,75,0,0,1
8258,WESTBOUND,I 35/US 50,1,1,2,0,75,0,0,1
8259,EASTBOUND,I 35/US 50,0,0,2,0,70,0,0,1
8260,WESTBOUND,I 35/US 50,0,0,2,0,70,0,0,1
8261,EASTBOUND,I 35/US 50,0,0,2,0,70,0,0,1
8262,WESTBOUND,I 35/US 50,0,0,2,0,70,0,0,1
8263,EASTBOUND,I 35/US 50/US 56/US 169,0,0,3,0,65,0,0,1
8264,WESTBOUND,I 35/US 50/US 56/US 169,0,0,3,0,65,0,0,1
8265,NORTHBOUND,I 35/US 50/US 56/US 169,1,0,3,0,65,0,0,1
8266,SOUTHBOUND,I 35/US 50/US 56/US 169,0,1,3,0,65,0,0,1
8269,EASTBOUND,I 435/US 50,0,1,5,0,65,0,0,1
8270,WESTBOUND,I 435/US 50,1,0,5,0,65,0,0,1
8271,EASTBOUND,I 435/US 50,1,1,5,0,65,0,0,1
8272,EASTBOUND,I 435/US 50,0,1,4,1,65,0,0,1
8273,WESTBOUND,I 435/US 50,0,0,4,1,65,0,0,1
8275,EASTBOUND,I 70/US 24/US 40,0,0,4,0,55,0,0,1
8276,WESTBOUND,I 70/US 24/US 40/US 69,0,0,5,0,65,0,0,1
8277,EASTBOUND,I 70/US 24/US 40,0,0,3,0,70,0,0,1
8278,WESTBOUND,I 70/US 24/US 40,0,0,3,0,70,0,0,1
8279,EASTBOUND,I 70/US 24/US 40,0,0,3,0,70,0,0,1
8280,WESTBOUND,I 70/US 24/US 40,0,0,3,0,70,0,0,1
8281,NORTHBOUND,I 70/US 24/US 40/US 169,0,1,2,0,55,0,0,1
8282,SOUTHBOUND,I 70/US 24/US 40/US 169,0,0,2,0,55,0,0,1
8283,EASTBOUND,I 670/I 70 Alt,0,0,3,1,55,0,0,1
8284,WESTBOUND,I 670/I 70 Alt,0,0,3,1,55,0,0,1
8285,EASTBOUND,I 70/US 24/US 40/US 69,0,0,2,0,55,0,0,1
8286,WESTBOUND,I 70/US 24/US 40/US 69,0,0,2,1,55,0,0,1
8287,EASTBOUND,I 670/I 70 Alt,0,0,3,1,55,0,0,1
8288,WESTBOUND,I 670/I 70 Alt,0,0,3,1,55,0,0,1
8289,EASTBOUND,I 70/US 24/US 40,0,0,3,0,65,0,0,1
8290,WESTBOUND,I 70/US 24/US 40,0,1,3,0,70,0,0,1
8291,EASTBOUND,I 70/US 24/US 40,1,1,3,0,70,0,0,1
8292,WESTBOUND,I 70/US 24/US 40,1,1,3,0,70,0,0,1
8293,EASTBOUND,I 70/US 24/US 40,0,1,3,0,70,0,0,1
8294,WESTBOUND,I 70/US 24/US 40,1,0,3,0,70,0,0,1
8295,EASTBOUND,I 435/US 50,1,1,5,0,65,0,0,1
8296,WESTBOUND,I 435/US 50,1,1,5,0,65,0,0,1
8297,EASTBOUND,I 70/US 24/US 40,0,1,3,0,70,0,0,1
8298,WESTBOUND,I 70/US 24/US 40,1,0,2,0,70,0,0,1
8299,EASTBOUND,I 70/US 24/US 40,0,0,4,0,70,0,0,1
8300,WESTBOUND,I 70/US 24/US 40,1,0,3,0,70,0,0,1
8301,EASTBOUND,I 70/US 24/US 40,0,0,3,0,70,0,0,1
8302,WESTBOUND,I 70/US 24/US 40,0,0,3,0,70,0,0,1
8303,WESTBOUND,I 70/US 24/US 40,1,1,3,0,70,0,0,1
8304,EASTBOUND,I 70/US 24/US 40,0,1,2,0,70,0,0,1
8305,NORTHBOUND,I 435,0,0,3,0,70,0,0,1
8306,SOUTHBOUND,I 435,0,0,3,0,70,0,0,1
8307,SOUTHBOUND,I 435,1,0,3,1,70,0,0,1
8308,NORTHBOUND,I 435,0,1,3,1,70,0,0,1
8309,NORTHBOUND,I 435,0,0,4,0,70,0,0,1
8310,SOUTHBOUND,I 435,0,0,3,0,70,0,0,1
8311,NORTHBOUND,I 435,0,0,5,0,70,0,0,1
8312,SOUTHBOUND,I 435,0,0,4,0,70,0,0,1
8316,NORTHBOUND,I 435,1,1,4,0,70,0,0,1
8317,SOUTHBOUND,I 435,1,0,3,0,70,0,0,1
8318,NORTHBOUND,I 435,1,1,4,0,70,0,0,1
8319,SOUTHBOUND,I 435,1,1,4,0,70,0,0,1
8320,NORTHBOUND,I 435,1,1,3,0,70,0,0,1
8321,SOUTHBOUND,I 435,1,1,3,0,70,0,0,1
8322,NORTHBOUND,I 435,0,0,3,0,70,0,0,1
8323,SOUTHBOUND,I 435,0,0,3,0,70,0,0,1
8324,NORTHBOUND,I 435,1,0,3,0,70,0,0,1
8325,SOUTHBOUND,I 435,0,1,3,0,70,0,0,1
8326,NORTHBOUND,I 435,1,0,4,0,70,0,0,1
8327,SOUTHBOUND,I 435,0,1,4,0,70,0,0,1
8328,NORTHBOUND,I 435/KS 5,0,0,3,1,70,0,0,1
8329,SOUTHBOUND,I 435/KS 5,0,0,3,1,70,0,0,1
8330,NORTHBOUND,I 435/KS 5,1,0,3,1,70,0,0,1
8331,SOUTHBOUND,I 435/KS 5,0,1,3,1,70,0,0,1
8332,EASTBOUND,I 435,0,0,3,0,70,0,0,1
8333,WESTBOUND,I 435,0,0,3,0,70,0,0,1
8334,EASTBOUND,I 435,0,0,3,0,70,0,0,1
8335,WESTBOUND,I 435,0,0,3,0,70,0,0,1
8336,SOUTHBOUND,I 435,0,0,4,0,65,0,0,1
8338,NORTHBOUND,US 69,0,0,2,0,65,0,0,1
8339,NORTHBOUND,US 69,1,0,2,0,65,0,0,1
8340,SOUTHBOUND,US 69,0,0,2,0,65,0,0,1
8341,SOUTHBOUND,US 69,0,0,2,0,65,0,0,1
8342,NORTHBOUND,I 70/US 24/US 40/US 169,0,0,1,1,55,0,0,1
8343,WESTBOUND,I 70/US 24/US 40/US 169,0,0,2,1,55,0,0,1
8344,EASTBOUND,I 35/US 69,0,0,3,0,60,0,0,1
8345,WESTBOUND,I 35/US 69,0,0,3,0,60,0,0,1
8346,WESTBOUND,I 35,1,1,4,0,60,0,0,1
8349,NORTHBOUND,I 35/US 56/US 69/US 169,0,0,3,0,60,0,0,1
8350,SOUTHBOUND,I 35/US 56/US 69/US 169,0,0,3,0,60,0,0,1
8351,EASTBOUND,I 35,0,1,4,0,60,0,0,1
8352,WESTBOUND,I 35,0,0,4,0,60,0,0,1
8353,NORTHBOUND,I 35/US 56/US 169,0,0,3,0,65,0,0,1
8354,SOUTHBOUND,I 35/US 56/US 169,0,0,3,0,65,0,0,1
8355,NORTHBOUND,KS 7,1,0,2,0,60,0,0,1
8356,SOUTHBOUND,KS 7,0,1,2,0,60,0,0,1
8357,NORTHBOUND,KS 7,0,0,2,0,65,0,0,1
8358,SOUTHBOUND,KS 7,0,0,2,0,65,0,0,1
8359,NORTHBOUND,KS 7,0,0,2,0,65,0,0,1
8360,SOUTHBOUND,KS 7,0,0,2,0,65,0,0,1
8361,NORTHBOUND,KS 7,1,0,3,0,65,0,0,1
8362,SOUTHBOUND,KS 7,0,0,3,0,65,0,0,1
8363,NORTHBOUND,KS 7,0,0,2,0,65,0,0,1
8364,SOUTHBOUND,KS 7,0,0,2,0,65,0,0,1
8365,NORTHBOUND,KS 7,0,0,2,1,65,0,0,1
8366,SOUTHBOUND,KS 7,0,0,2,1,65,0,0,1
8367,NORTHBOUND,KS 7,0,0,2,0,55,0,0,1
8368,SOUTHBOUND,KS 7,0,0,2,0,55,0,0,1
8371,EASTBOUND,I 435,0,0,4,0,65,0,0,1
8372,WESTBOUND,I 435,0,0,4,0,65,0,0,1
8373,NORTHBOUND,I 35/US 56/US 169,0,1,5,0,65,0,0,1
8374,SOUTHBOUND,I 35/US 56/US 169,1,0,3,0,65,0,0,1
8375,EASTBOUND,I 435,0,0,4,0,65,0,0,1
8376,EASTBOUND,KS 10,0,0,2,0,65,0,0,1
8377,EASTBOUND,NA,0,0,3,0,50,1,0,1
8378,EASTBOUND,NA,0,0,3,0,50,1,0,1
8379,WESTBOUND,KS 10,1,1,2,0,70,0,0,1
8380,EASTBOUND,KS 10,0,0,2,0,70,0,0,1
8381,WESTBOUND,KS 10,0,0,2,0,70,0,0,1
8382,NORTHBOUND,I 35/US 56/US 169,0,1,5,0,65,0,0,1
8383,SOUTHBOUND,I 35/US 56/US 169,1,0,3,0,65,0,0,1
8384,EASTBOUND,I 435,0,0,3,1,70,0,0,1
8385,WESTBOUND,I 435,0,0,3,1,65,0,0,1
8386,NORTHBOUND,I 435,0,0,3,0,65,0,0,1
8387,SOUTHBOUND,I 435,0,0,3,0,70,0,0,1
8388,EASTBOUND,KS 10,1,2,2,0,65,0,0,1
8389,EASTBOUND,KS 10,1,2,2,0,65,0,0,1
8390,EASTBOUND,I 435/US 50,0,0,4,0,65,0,0,1
8391,WESTBOUND,I 435/US 50,0,0,4,0,65,0,0,1
8392,EASTBOUND,I 435,1,0,4,1,65,0,0,1
8393,WESTBOUND,I 435,0,1,5,1,65,0,0,1
8396,EASTBOUND,I 435,0,0,4,1,65,0,0,1
8397,WESTBOUND,I 435,0,0,4,1,65,0,0,1
8398,EASTBOUND,I 435/US 50,0,1,6,0,65,0,0,1
8399,WESTBOUND,I 435/US 50,1,0,6,0,65,0,0,1
8400,EASTBOUND,I 435/US 50,0,0,4,0,65,0,0,1
8401,WESTBOUND,I 435/US 50,1,1,5,0,65,0,0,1
8402,SOUTHBOUND,US 69,0,0,2,0,65,0,0,1
8403,NORTHBOUND,US 69,0,0,2,0,65,0,0,1
8404,NORTHBOUND,US 69,0,0,2,0,65,0,0,1
8405,NORTHBOUND,US 69,0,0,2,0,70,0,0,1
8406,NORTHBOUND,US 69,0,1,2,0,70,0,0,1
8407,NORTHBOUND,US 69,0,0,2,0,70,0,0,1
8408,SOUTHBOUND,US 69,0,0,2,0,65,0,0,1
8409,SOUTHBOUND,US 69,0,0,2,0,70,0,0,1
8410,SOUTHBOUND,US 69,1,0,2,0,70,0,0,1
8411,SOUTHBOUND,US 69,0,0,2,0,70,0,0,1
8412,EASTBOUND,I 435/US 50,0,0,4,0,65,0,0,1
8413,WESTBOUND,I 435/US 50,1,1,6,0,65,0,0,1
8414,EASTBOUND,I 435/US 50,0,0,4,0,65,0,0,1
8415,WESTBOUND,I 435/US 50,0,0,4,0,65,0,0,1
8417,WESTBOUND,I 435/US 50,0,0,4,0,65,0,0,1
8418,EASTBOUND,I 435/US 50,0,0,4,0,65,0,0,1
8419,WESTBOUND,I 435/US 50,0,0,4,0,65,0,0,1
8420,NORTHBOUND,I 35,0,0,2,0,45,0,0,1
8421,SOUTHBOUND,I 35,0,0,2,0,45,0,0,1
8422,SOUTHBOUND,I 35,0,0,2,0,45,0,0,1
8423,EASTBOUND,NA,0,0,1,0,NA,1,0,1
8424,EASTBOUND,NA,0,0,2,0,50,1,0,1
8425,WESTBOUND,NA,0,0,1,0,NA,1,0,1
8426,NORTHBOUND,NA,0,0,1,0,NA,1,0,1
8427,EASTBOUND,NA,0,0,1,0,NA,1,0,1
8428,WESTBOUND,NA,0,0,2,0,50,1,0,1
8429,SOUTHBOUND,NA,0,0,1,0,NA,1,0,1
8430,WESTBOUND,NA,0,0,1,0,NA,1,0,1
8431,SOUTHBOUND,NA,0,0,1,0,NA,1,0,1
8432,NORTHBOUND,NA,0,0,2,0,NA,1,0,1
8433,WESTBOUND,NA,0,0,1,0,NA,1,0,1
8434,EASTBOUND,NA,0,0,2,0,50,1,0,1
8435,EASTBOUND,NA,0,0,2,0,50,1,0,1
8436,EASTBOUND,NA,0,0,1,0,NA,1,0,1
8437,EASTBOUND,NA,0,0,1,0,NA,1,0,1
8438,WESTBOUND,KS 10,2,0,3,0,NA,0,0,1
8439,WESTBOUND,NA,0,0,1,0,NA,1,0,1
8440,WESTBOUND,NA,0,0,1,0,NA,1,0,1
8441,NORTHBOUND,I 470/MO 291,0,1,3,0,65,0,0,1
8442,SOUTHBOUND,I 470/MO 291,1,0,3,0,65,0,0,1
8443,EASTBOUND,I 35/US 69,0,1,4,0,60,0,0,1
8444,WESTBOUND,I 35/US 69,1,0,3,0,60,0,0,1
8445,NORTHBOUND,I 35/US 56/US 69/US 169,0,0,3,0,60,0,0,1
8446,SOUTHBOUND,I 35/US 56/US 69/US 169,1,0,4,0,60,0,0,1
8447,WESTBOUND,I 470,0,1,2,1,65,0,0,1
8448,EASTBOUND,I 470,1,0,2,1,65,0,0,1
8449,NORTHBOUND,I 470/MO 291,0,0,2,0,55,0,0,1
8450,SOUTHBOUND,I 470/MO 291,0,0,2,0,55,0,0,1
